<?xml version="1.0"?>
<!--<!DOCTYPE metadata SYSTEM "http://www.esri.com/metadata/esriprof80.dtd">-->
<metadata xml:lang="he"><Esri><CreaDate>20210526</CreaDate><CreaTime>10162100</CreaTime><SyncOnce>TRUE</SyncOnce><DataProperties><lineage><Process Name="UpgradeSpatialReference_22" ToolSource="C:\Program Files\ArcGIS\ArcToolbox\Toolboxes\Data Management Tools.tbx\UpgradeSpatialReference" Date="20080415" Time="113723">UpgradeSpatialReference "Database Connections\Connection to gissrv01 (minhal).sde\MINHAL.tzav_sgira" .0000625 .25 .25 "Database Connections\Connection to gissrv01 (minhal).sde\MINHAL.tzav_sgira"</Process></lineage></DataProperties><ArcGISFormat>1.0</ArcGISFormat></Esri><idinfo><citation><citeinfo><onlink Sync="TRUE">\\GISGIS08\D$\apr_project\pirsumSchavot\1April2011\שבות נפרדות\צווי_סגירה\צווי_סגירה</onlink></citeinfo></citation></idinfo><distInfo><distributor><distorTran><onLineSrc><linkage Sync="TRUE">file://\\GISGIS08\D$\apr_project\pirsumSchavot\1April2011\שבות נפרדות\צווי_סגירה\צווי_סגירה</linkage><protocol Sync="TRUE">Local Area Network</protocol></onLineSrc></distorTran></distributor></distInfo><dataqual><lineage><procstep><procdesc Sync="TRUE">Dataset copied.</procdesc><srcused Sync="TRUE">Server=gissrv01; Service=esri_sde; User=leo; Version=SDE.DEFAULT</srcused><procdate Sync="TRUE">20110405</procdate><proctime Sync="TRUE">09410600</proctime></procstep><procstep><procdesc Sync="TRUE">Dataset copied.</procdesc><srcused Sync="TRUE">\\GISGIS08\D$\apr_project\pirsumSchavot\1April2011\PirsumHelki\PirsumHelki.mdb</srcused><procdate Sync="TRUE">20110410</procdate><proctime Sync="TRUE">14250800</proctime></procstep><procstep><procdesc Sync="TRUE">Dataset moved.</procdesc><srcused Sync="TRUE">D:\apr_project\pirsumSchavot\1April2011\שבות נפרדות\צווי_סגירה</srcused><procdate Sync="TRUE">20110412</procdate><proctime Sync="TRUE">11070000</proctime></procstep></lineage></dataqual></metadata>
