<?xml version="1.0" encoding="UTF-8"?>
<metadata xml:lang="en"><Esri><CreaDate>20180124</CreaDate><CreaTime>15412200</CreaTime><SyncOnce>FALSE</SyncOnce><DataProperties><lineage><Process Name="Create Feature Class" ToolSource="C:\Program Files\ArcGIS\ArcToolbox\Toolboxes\Data Management Tools.tbx\CreateFeatureclass" Date="20060704" Time="145748">CreateFeatureclass H:\filing\GIS\GIS_Data\WestBankClosures.mdb\UTM_Barrier Barrier_2006_May # Wall_May_Modified_Layer SAME_AS_TEMPLATE SAME_AS_TEMPLATE "PROJCS['Palestine_1923_Palestine_Grid',GEOGCS['GCS_Palestine_1923',DATUM['D_Palestine_1923',SPHEROID['Clarke_1880_Benoit',6378300.79,293.466234571]],PRIMEM['Greenwich',0.0],UNIT['Degree',0.0174532925199433]],PROJECTION['Cassini'],PARAMETER['False_Easting',170251.555],PARAMETER['False_Northing',126867.909],PARAMETER['Central_Meridian',35.21208055555556],PARAMETER['Scale_Factor',1.0],PARAMETER['Latitude_Of_Origin',31.73409694444445],UNIT['Meter',1.0]];-1000000 -1000000 1000;-1000 10000;-1000 10000" # 0 0 0 H:\filing\GIS\GIS_Data\WestBankClosures.mdb\UTM_Barrier\Barrier_2006_May</Process><Process Name="Append" ToolSource="C:\Program Files\ArcGIS\ArcToolbox\Toolboxes\Data Management Tools.tbx\Append" Date="20060704" Time="145749">Append Wall_May_Modified_Layer H:\filing\GIS\GIS_Data\WestBankClosures.mdb\UTM_Barrier\Barrier_2006_May TEST H:\filing\GIS\GIS_Data\WestBankClosures.mdb\UTM_Barrier\Barrier_2006_May</Process><Process Name="FeatureClassToFeatureClass_1" ToolSource="C:\Program Files\ArcGIS\ArcToolbox\Toolboxes\Conversion Tools.tbx\FeatureClassToFeatureClass" Date="20060704" Time="145749">FeatureClassToFeatureClass W:\Charles\PROJECTS\BTselem\BTselem.mdb\Closed\Wall_May_Modified H:\filing\GIS\GIS_Data\WestBankClosures.mdb\UTM_Barrier Barrier_2006_May # "FNODE_ FNODE_ VISIBLE;TNODE_ TNODE_ VISIBLE;LPOLY_ LPOLY_ VISIBLE;RPOLY_ RPOLY_ VISIBLE;LENGTH LENGTH VISIBLE;SEAM01CL_ SEAM01CL_ VISIBLE;SEAM01CL_I SEAM01CL_I VISIBLE;ID ID VISIBLE;PHASE_TYPE PHASE_TYPE VISIBLE;SOURCE SOURCE VISIBLE;TYPE TYPE VISIBLE;IDF_DEFINI IDF_DEFINI VISIBLE;Shape_Length Shape_Length VISIBLE" SAME_AS_TEMPLATE SAME_AS_TEMPLATE # 0 H:\filing\GIS\GIS_Data\WestBankClosures.mdb\UTM_Barrier\Barrier_2006_May</Process><Process Name="FeatureClassToFeatureClass_1" ToolSource="C:\Program Files\ArcGIS\ArcToolbox\Toolboxes\Conversion Tools.tbx\FeatureClassToFeatureClass" Date="20080813" Time="160148">FeatureClassToFeatureClass H:\filing\GIS\GIS_Data\SpecialProjectData\ExchangedData\In\ECF\20080721\TGrocks.mdb\L_WBBarrier H:\filing\GIS\GIS_Data\WestBankClosures.mdb\UTM_Barrier L_WBBarrier # "MaySegmentID MaySegmentID true true false 8 Double 0 0 ,First,#,H:\filing\GIS\GIS_Data\SpecialProjectData\ExchangedData\In\ECF\20080721\TGrocks.mdb\L_WBBarrier,MaySegmentID,-1,-1;Status Status true true false 60 Text 0 0 ,First,#,H:\filing\GIS\GIS_Data\SpecialProjectData\ExchangedData\In\ECF\20080721\TGrocks.mdb\L_WBBarrier,Status,-1,-1;Source Source true true false 50 Text 0 0 ,First,#,H:\filing\GIS\GIS_Data\SpecialProjectData\ExchangedData\In\ECF\20080721\TGrocks.mdb\L_WBBarrier,Source,-1,-1;Type Type true true false 40 Text 0 0 ,First,#,H:\filing\GIS\GIS_Data\SpecialProjectData\ExchangedData\In\ECF\20080721\TGrocks.mdb\L_WBBarrier,Type,-1,-1;IDF_Def IDF_Def true true false 100 Text 0 0 ,First,#,H:\filing\GIS\GIS_Data\SpecialProjectData\ExchangedData\In\ECF\20080721\TGrocks.mdb\L_WBBarrier,IDF_Def,-1,-1;DateProjct DateProjct true true false 4 Long 0 0 ,First,#,H:\filing\GIS\GIS_Data\SpecialProjectData\ExchangedData\In\ECF\20080721\TGrocks.mdb\L_WBBarrier,DateProjct,-1,-1;DateStarted DateStarted true true false 4 Long 0 0 ,First,#,H:\filing\GIS\GIS_Data\SpecialProjectData\ExchangedData\In\ECF\20080721\TGrocks.mdb\L_WBBarrier,DateStarted,-1,-1;DateFinished DateFinished true true false 4 Long 0 0 ,First,#,H:\filing\GIS\GIS_Data\SpecialProjectData\ExchangedData\In\ECF\20080721\TGrocks.mdb\L_WBBarrier,DateFinished,-1,-1;MilOrder MilOrder true true false 50 Text 0 0 ,First,#,H:\filing\GIS\GIS_Data\SpecialProjectData\ExchangedData\In\ECF\20080721\TGrocks.mdb\L_WBBarrier,MilOrder,-1,-1;comments comments true true false 50 Text 0 0 ,First,#,H:\filing\GIS\GIS_Data\SpecialProjectData\ExchangedData\In\ECF\20080721\TGrocks.mdb\L_WBBarrier,comments,-1,-1;Sct_Name Sct_Name true true false 50 Text 0 0 ,First,#,H:\filing\GIS\GIS_Data\SpecialProjectData\ExchangedData\In\ECF\20080721\TGrocks.mdb\L_WBBarrier,Sct_Name,-1,-1;Governorate Governorate true true false 4 Long 0 0 ,First,#,H:\filing\GIS\GIS_Data\SpecialProjectData\ExchangedData\In\ECF\20080721\TGrocks.mdb\L_WBBarrier,Governorate,-1,-1;Shape_Length Shape_Length false true true 8 Double 0 0 ,First,#,H:\filing\GIS\GIS_Data\SpecialProjectData\ExchangedData\In\ECF\20080721\TGrocks.mdb\L_WBBarrier,Shape_Length,-1,-1;ECF ECF true true false 50 Text 0 0 ,First,#,H:\filing\GIS\GIS_Data\SpecialProjectData\ExchangedData\In\ECF\20080721\TGrocks.mdb\L_WBBarrier,ECF,-1,-1;FCU_Verification FCU_Verification true true false 2 Short 0 0 ,First,#,H:\filing\GIS\GIS_Data\SpecialProjectData\ExchangedData\In\ECF\20080721\TGrocks.mdb\L_WBBarrier,FCU_Verification,-1,-1;IS_COUNTED IS_COUNTED true true false 2 Short 0 0 ,First,#,H:\filing\GIS\GIS_Data\SpecialProjectData\ExchangedData\In\ECF\20080721\TGrocks.mdb\L_WBBarrier,IS_COUNTED,-1,-1" # H:\filing\GIS\GIS_Data\WestBankClosures.mdb\UTM_Barrier\L_WBBarrier</Process><Process Name="FeatureClassToFeatureClass_1" ToolSource="C:\Program Files\ArcGIS\ArcToolbox\Toolboxes\Conversion Tools.tbx\FeatureClassToFeatureClass" Date="20081123" Time="143528">FeatureClassToFeatureClass H:\filing\GIS\projects\Special-Focus\July2008\Final\barrier.mdb\UTM_Barrier\L_WBBarrier H:\filing\GIS\GIS_Data\WestBankClosures.mdb\UTM_Barrier L_WBBarrier # "MaySegmentID MaySegmentID true true false 8 Double 0 0 ,First,#,H:\filing\GIS\projects\Special-Focus\July2008\Final\barrier.mdb\UTM_Barrier\L_WBBarrier,MaySegmentID,-1,-1;Status Status true true false 60 Text 0 0 ,First,#,H:\filing\GIS\projects\Special-Focus\July2008\Final\barrier.mdb\UTM_Barrier\L_WBBarrier,Status,-1,-1;Source Source true true false 50 Text 0 0 ,First,#,H:\filing\GIS\projects\Special-Focus\July2008\Final\barrier.mdb\UTM_Barrier\L_WBBarrier,Source,-1,-1;Type Type true true false 40 Text 0 0 ,First,#,H:\filing\GIS\projects\Special-Focus\July2008\Final\barrier.mdb\UTM_Barrier\L_WBBarrier,Type,-1,-1;IDF_Def IDF_Def true true false 100 Text 0 0 ,First,#,H:\filing\GIS\projects\Special-Focus\July2008\Final\barrier.mdb\UTM_Barrier\L_WBBarrier,IDF_Def,-1,-1;DateProjct DateProjct true true false 4 Long 0 0 ,First,#,H:\filing\GIS\projects\Special-Focus\July2008\Final\barrier.mdb\UTM_Barrier\L_WBBarrier,DateProjct,-1,-1;DateStarted DateStarted true true false 4 Long 0 0 ,First,#,H:\filing\GIS\projects\Special-Focus\July2008\Final\barrier.mdb\UTM_Barrier\L_WBBarrier,DateStarted,-1,-1;DateFinished DateFinished true true false 4 Long 0 0 ,First,#,H:\filing\GIS\projects\Special-Focus\July2008\Final\barrier.mdb\UTM_Barrier\L_WBBarrier,DateFinished,-1,-1;MilOrder MilOrder true true false 50 Text 0 0 ,First,#,H:\filing\GIS\projects\Special-Focus\July2008\Final\barrier.mdb\UTM_Barrier\L_WBBarrier,MilOrder,-1,-1;comments comments true true false 50 Text 0 0 ,First,#,H:\filing\GIS\projects\Special-Focus\July2008\Final\barrier.mdb\UTM_Barrier\L_WBBarrier,comments,-1,-1;Sct_Name Sct_Name true true false 50 Text 0 0 ,First,#,H:\filing\GIS\projects\Special-Focus\July2008\Final\barrier.mdb\UTM_Barrier\L_WBBarrier,Sct_Name,-1,-1;Governorate Governorate true true false 4 Long 0 0 ,First,#,H:\filing\GIS\projects\Special-Focus\July2008\Final\barrier.mdb\UTM_Barrier\L_WBBarrier,Governorate,-1,-1;ECF ECF true true false 50 Text 0 0 ,First,#,H:\filing\GIS\projects\Special-Focus\July2008\Final\barrier.mdb\UTM_Barrier\L_WBBarrier,ECF,-1,-1;FCU_Verification FCU_Verification true true false 2 Short 0 0 ,First,#,H:\filing\GIS\projects\Special-Focus\July2008\Final\barrier.mdb\UTM_Barrier\L_WBBarrier,FCU_Verification,-1,-1;IS_COUNTED IS_COUNTED true true false 2 Short 0 0 ,First,#,H:\filing\GIS\projects\Special-Focus\July2008\Final\barrier.mdb\UTM_Barrier\L_WBBarrier,IS_COUNTED,-1,-1;Shape_Length Shape_Length false true true 8 Double 0 0 ,First,#,H:\filing\GIS\projects\Special-Focus\July2008\Final\barrier.mdb\UTM_Barrier\L_WBBarrier,Shape_Length,-1,-1" # H:\filing\GIS\GIS_Data\WestBankClosures.mdb\UTM_Barrier\L_WBBarrier</Process><Process ToolSource="C:\Program Files\ArcGIS\Desktop10.0\ArcToolbox\Toolboxes\Conversion Tools.tbx\FeatureClassToFeatureClass" Date="20110623" Time="174626">FeatureClassToFeatureClass "H:\filing\GIS\projects\2011_05_Barrier_Update\data\Barrier_2011 gdp.mdb\L_WBBarrier_2011" "H:\filing\GIS\projects\2011_05_Barrier_Update\data\Barrier_2011 gdp.mdb\barrier2001_Dataset" L_Barrier_June2011 # "MaySegmentID "MaySegmentID" true true false 8 Double 0 0 ,First,#,H:\filing\GIS\projects\2011_05_Barrier_Update\data\Barrier_2011 gdp.mdb\L_WBBarrier_2011,MaySegmentID,-1,-1;Status "Status" true true false 60 Text 0 0 ,First,#,H:\filing\GIS\projects\2011_05_Barrier_Update\data\Barrier_2011 gdp.mdb\L_WBBarrier_2011,Status,-1,-1;Source "Source" true true false 50 Text 0 0 ,First,#,H:\filing\GIS\projects\2011_05_Barrier_Update\data\Barrier_2011 gdp.mdb\L_WBBarrier_2011,Source,-1,-1;Type "Type" true true false 40 Text 0 0 ,First,#,H:\filing\GIS\projects\2011_05_Barrier_Update\data\Barrier_2011 gdp.mdb\L_WBBarrier_2011,Type,-1,-1;IDF_Def "IDF_Def" true true false 100 Text 0 0 ,First,#,H:\filing\GIS\projects\2011_05_Barrier_Update\data\Barrier_2011 gdp.mdb\L_WBBarrier_2011,IDF_Def,-1,-1;DateProjct "DateProjct" true true false 4 Long 0 0 ,First,#,H:\filing\GIS\projects\2011_05_Barrier_Update\data\Barrier_2011 gdp.mdb\L_WBBarrier_2011,DateProjct,-1,-1;DateStarted "DateStarted" true true false 4 Long 0 0 ,First,#,H:\filing\GIS\projects\2011_05_Barrier_Update\data\Barrier_2011 gdp.mdb\L_WBBarrier_2011,DateStarted,-1,-1;DateFinished "DateFinished" true true false 4 Long 0 0 ,First,#,H:\filing\GIS\projects\2011_05_Barrier_Update\data\Barrier_2011 gdp.mdb\L_WBBarrier_2011,DateFinished,-1,-1;MilOrder "MilOrder" true true false 50 Text 0 0 ,First,#,H:\filing\GIS\projects\2011_05_Barrier_Update\data\Barrier_2011 gdp.mdb\L_WBBarrier_2011,MilOrder,-1,-1;comments "comments" true true false 50 Text 0 0 ,First,#,H:\filing\GIS\projects\2011_05_Barrier_Update\data\Barrier_2011 gdp.mdb\L_WBBarrier_2011,comments,-1,-1;Sct_Name "Sct_Name" true true false 50 Text 0 0 ,First,#,H:\filing\GIS\projects\2011_05_Barrier_Update\data\Barrier_2011 gdp.mdb\L_WBBarrier_2011,Sct_Name,-1,-1;Governorate "Governorate" true true false 4 Long 0 0 ,First,#,H:\filing\GIS\projects\2011_05_Barrier_Update\data\Barrier_2011 gdp.mdb\L_WBBarrier_2011,Governorate,-1,-1;ECF "ECF" true true false 50 Text 0 0 ,First,#,H:\filing\GIS\projects\2011_05_Barrier_Update\data\Barrier_2011 gdp.mdb\L_WBBarrier_2011,ECF,-1,-1;FCU_Verification "FCU_Verification" true true false 2 Short 0 0 ,First,#,H:\filing\GIS\projects\2011_05_Barrier_Update\data\Barrier_2011 gdp.mdb\L_WBBarrier_2011,FCU_Verification,-1,-1;IS_COUNTED "IS_COUNTED" true true false 2 Short 0 0 ,First,#,H:\filing\GIS\projects\2011_05_Barrier_Update\data\Barrier_2011 gdp.mdb\L_WBBarrier_2011,IS_COUNTED,-1,-1;Changes2009 "Changes2009" true true false 100 Text 0 0 ,First,#,H:\filing\GIS\projects\2011_05_Barrier_Update\data\Barrier_2011 gdp.mdb\L_WBBarrier_2011,Changes2009,-1,-1;temp "temp" true true false 2 Short 0 0 ,First,#,H:\filing\GIS\projects\2011_05_Barrier_Update\data\Barrier_2011 gdp.mdb\L_WBBarrier_2011,temp,-1,-1;To_Verify "To_Verify" true true false 100 Text 0 0 ,First,#,H:\filing\GIS\projects\2011_05_Barrier_Update\data\Barrier_2011 gdp.mdb\L_WBBarrier_2011,To_Verify,-1,-1;Update2009 "Update2009" true true false 30 Text 0 0 ,First,#,H:\filing\GIS\projects\2011_05_Barrier_Update\data\Barrier_2011 gdp.mdb\L_WBBarrier_2011,Update2009,-1,-1;feedback_from_the_field "feedback_from_the_field" true true false 100 Text 0 0 ,First,#,H:\filing\GIS\projects\2011_05_Barrier_Update\data\Barrier_2011 gdp.mdb\L_WBBarrier_2011,feedback_from_the_field,-1,-1;Shape_Length "Shape_Length" false true true 8 Double 0 0 ,First,#,H:\filing\GIS\projects\2011_05_Barrier_Update\data\Barrier_2011 gdp.mdb\L_WBBarrier_2011,Shape_Length,-1,-1;update2011 "update2011" true true false 100 Text 0 0 ,First,#,H:\filing\GIS\projects\2011_05_Barrier_Update\data\Barrier_2011 gdp.mdb\L_WBBarrier_2011,update2011,-1,-1" #</Process><Process ToolSource="C:\Program Files (x86)\ArcGIS\Desktop10.0\ArcToolbox\Toolboxes\Data Management Tools.tbx\CalculateField" Date="20110811" Time="110824">CalculateField L_WB_Barrier_June_2011 Status "Planned Re-routing" VB #</Process><Process ToolSource="c:\program files (x86)\arcgis\desktop10.3\ArcToolbox\Toolboxes\Data Management Tools.tbx\CalculateField" Date="20170323" Time="114804">CalculateField Barrier_2016 IS_COUNTED 0 VB #</Process></lineage><itemProps><itemLocation><linkage Sync="TRUE">file://\\OCHAGISWORK01\H\filing\GIS\GIS_Data\ExchangedData\Common\Barrier\2018\Barrier.gdb</linkage><protocol Sync="TRUE">Local Area Network</protocol></itemLocation><itemName Sync="TRUE">L_Barrier_June2011</itemName><imsContentType Sync="TRUE">002</imsContentType></itemProps><coordRef><type Sync="TRUE">Projected</type><geogcsn Sync="TRUE">GCS_WGS_1984</geogcsn><projcsn Sync="TRUE">WGS_1984_UTM_Zone_36N</projcsn><peXml Sync="TRUE">&lt;ProjectedCoordinateSystem xsi:type='typens:ProjectedCoordinateSystem' xmlns:xsi='http://www.w3.org/2001/XMLSchema-instance' xmlns:xs='http://www.w3.org/2001/XMLSchema' xmlns:typens='http://www.esri.com/schemas/ArcGIS/10.0'&gt;&lt;WKT&gt;PROJCS[&amp;quot;WGS_1984_UTM_Zone_36N&amp;quot;,GEOGCS[&amp;quot;GCS_WGS_1984&amp;quot;,DATUM[&amp;quot;D_WGS_1984&amp;quot;,SPHEROID[&amp;quot;WGS_1984&amp;quot;,6378137.0,298.257223563]],PRIMEM[&amp;quot;Greenwich&amp;quot;,0.0],UNIT[&amp;quot;Degree&amp;quot;,0.0174532925199433]],PROJECTION[&amp;quot;Transverse_Mercator&amp;quot;],PARAMETER[&amp;quot;False_Easting&amp;quot;,500000.0],PARAMETER[&amp;quot;False_Northing&amp;quot;,0.0],PARAMETER[&amp;quot;Central_Meridian&amp;quot;,33.0],PARAMETER[&amp;quot;Scale_Factor&amp;quot;,0.9996],PARAMETER[&amp;quot;Latitude_Of_Origin&amp;quot;,0.0],UNIT[&amp;quot;Meter&amp;quot;,1.0],AUTHORITY[&amp;quot;EPSG&amp;quot;,32636]]&lt;/WKT&gt;&lt;XOrigin&gt;-5120900&lt;/XOrigin&gt;&lt;YOrigin&gt;-9998100&lt;/YOrigin&gt;&lt;XYScale&gt;10000&lt;/XYScale&gt;&lt;ZOrigin&gt;-100000&lt;/ZOrigin&gt;&lt;ZScale&gt;10000&lt;/ZScale&gt;&lt;MOrigin&gt;-100000&lt;/MOrigin&gt;&lt;MScale&gt;10000&lt;/MScale&gt;&lt;XYTolerance&gt;0.001&lt;/XYTolerance&gt;&lt;ZTolerance&gt;0.001&lt;/ZTolerance&gt;&lt;MTolerance&gt;0.001&lt;/MTolerance&gt;&lt;HighPrecision&gt;true&lt;/HighPrecision&gt;&lt;WKID&gt;32636&lt;/WKID&gt;&lt;/ProjectedCoordinateSystem&gt;</peXml></coordRef></DataProperties><SyncDate>20110623</SyncDate><SyncTime>17462600</SyncTime><ModDate>20110623</ModDate><ModTime>17462600</ModTime><ArcGISFormat>1.0</ArcGISFormat><ArcGISstyle>XTools Pro Metadata</ArcGISstyle></Esri><idinfo><native Sync="TRUE">Microsoft Windows XP Version 5.1 (Build 2600) Service Pack 2; ESRI ArcCatalog 9.2.0.1324</native><descript><langdata Sync="TRUE">en</langdata><abstract>West Bank Barrier. From Spot Panchromatic 2006_10</abstract><purpose>For maps and analysis</purpose><supplinf>Digitized from spot 2006_10 at 1:2000 for the constructed and underconstruction, 1:5000 for projected route.
Projected route is mainly guided guesswork. Needs reconfirmation from military orders (1.5.07) </supplinf></descript><citation><citeinfo><origin>REQUIRED: The name of an organization or individual that developed the data set.</origin><pubdate>REQUIRED: The date when the data set is published or otherwise made available for release.</pubdate><title Sync="TRUE">L_WBBarrier</title><ftname Sync="TRUE">L_WBBarrier</ftname><geoform Sync="TRUE">vector digital data</geoform><onlink Sync="TRUE">\\192.168.200.43\Gis$\filing\GIS\projects\2010_06_Barrier_update\Barrier_Update_May2010.mdb</onlink></citeinfo></citation><timeperd><current>REQUIRED: The basis on which the time period of content information is determined.</current><timeinfo><sngdate><caldate>REQUIRED: The year (and optionally month, or month and day) for which the data set corresponds to the ground.</caldate></sngdate></timeinfo></timeperd><status><progress>REQUIRED: The state of the data set.</progress><update>REQUIRED: The frequency with which changes and additions are made to the data set after the initial data set is completed.</update></status><spdom><bounding><westbc Sync="TRUE">34.880941</westbc><eastbc Sync="TRUE">35.558040</eastbc><northbc Sync="TRUE">32.557215</northbc><southbc Sync="TRUE">31.333154</southbc></bounding><lboundng><leftbc Sync="TRUE">678932.632709</leftbc><rightbc Sync="TRUE">740212.642016</rightbc><bottombc Sync="TRUE">3469277.911056</bottombc><topbc Sync="TRUE">3603803.377059</topbc></lboundng></spdom><keywords><theme><themekt>REQUIRED: Reference to a formally registered thesaurus or a similar authoritative source of theme keywords.</themekt><themekey>REQUIRED: Common-use word or phrase used to describe the subject of the data set.</themekey></theme></keywords><accconst>REQUIRED: Restrictions and legal prerequisites for accessing the data set.</accconst><useconst>REQUIRED: Restrictions and legal prerequisites for using the data set after access is granted.</useconst><natvform Sync="TRUE">Personal GeoDatabase Feature Class</natvform><datacred>authored by CP</datacred></idinfo><dataIdInfo><envirDesc Sync="TRUE">Microsoft Windows Server 2008 R2 Version 6.1 (Build 7600) ; ESRI ArcGIS 10.0.0.2414</envirDesc><dataLang><languageCode Sync="TRUE" value="eng" country="USA"></languageCode></dataLang><idCitation><resTitle Sync="TRUE">L_Barrier_June2011</resTitle><presForm><PresFormCd Sync="TRUE" value="005"></PresFormCd></presForm></idCitation><spatRpType><SpatRepTypCd Sync="TRUE" value="001"></SpatRepTypCd></spatRpType><dataExt><geoEle><GeoBndBox esriExtentType="native"><westBL Sync="TRUE">678932.632709</westBL><eastBL Sync="TRUE">740212.642016</eastBL><northBL Sync="TRUE">3603803.377059</northBL><southBL Sync="TRUE">3469277.911056</southBL><exTypeCode Sync="TRUE">1</exTypeCode></GeoBndBox></geoEle></dataExt><geoBox esriExtentType="decdegrees"><westBL Sync="TRUE">34.880941</westBL><eastBL Sync="TRUE">35.55804</eastBL><northBL Sync="TRUE">32.557215</northBL><southBL Sync="TRUE">31.333154</southBL><exTypeCode Sync="TRUE">1</exTypeCode></geoBox><descKeys><thesaName uuidref="723f6998-058e-11dc-8314-0800200c9a66"></thesaName><keyword Sync="TRUE">002</keyword></descKeys></dataIdInfo><metainfo><langmeta Sync="TRUE">en</langmeta><metstdn Sync="TRUE">FGDC Content Standards for Digital Geospatial Metadata</metstdn><metstdv Sync="TRUE">FGDC-STD-001-1998</metstdv><mettc Sync="TRUE">local time</mettc><metc><cntinfo><cntorgp><cntper>REQUIRED: The person responsible for the metadata information.</cntper><cntorg>REQUIRED: The organization responsible for the metadata information.</cntorg></cntorgp><cntaddr><addrtype>REQUIRED: The mailing and/or physical address for the organization or individual.</addrtype><city>REQUIRED: The city of the address.</city><state>REQUIRED: The state or province of the address.</state><postal>REQUIRED: The ZIP or other postal code of the address.</postal></cntaddr><cntvoice>REQUIRED: The telephone number by which individuals can speak to the organization or individual.</cntvoice></cntinfo></metc><metd Sync="TRUE">20081123</metd></metainfo><mdLang><languageCode Sync="TRUE" value="eng"></languageCode></mdLang><mdStanName Sync="TRUE">ISO 19115 Geographic Information - Metadata</mdStanName><mdStanVer Sync="TRUE">DIS_ESRI1.0</mdStanVer><mdChar><CharSetCd Sync="TRUE" value="004"></CharSetCd></mdChar><mdHrLv><ScopeCd Sync="TRUE" value="005"></ScopeCd></mdHrLv><mdHrLvName Sync="TRUE">dataset</mdHrLvName><distinfo><resdesc Sync="TRUE">Downloadable Data</resdesc></distinfo><distInfo><distributor><distorTran><onLineSrc><orDesc Sync="TRUE">002</orDesc><linkage Sync="TRUE">file://\\192.168.200.43\Gis$\filing\GIS\projects\2010_06_Barrier_update\Barrier_Update_May2010.mdb</linkage><protocol Sync="TRUE">Local Area Network</protocol></onLineSrc></distorTran><distorFormat><formatName Sync="TRUE">Personal GeoDatabase Feature Class</formatName></distorFormat></distributor><distFormat><formatName Sync="TRUE">Personal GeoDatabase Feature Class</formatName></distFormat></distInfo><spdoinfo><direct Sync="TRUE">Vector</direct><ptvctinf><esriterm Name="L_Barrier_June2011"><efeatyp Sync="TRUE">Simple</efeatyp><efeageom Sync="TRUE">3</efeageom><esritopo Sync="TRUE">FALSE</esritopo><efeacnt Sync="TRUE">0</efeacnt><spindex Sync="TRUE">TRUE</spindex><linrefer Sync="TRUE">FALSE</linrefer></esriterm></ptvctinf></spdoinfo><spref><horizsys><cordsysn><geogcsn Sync="TRUE">GCS_WGS_1984</geogcsn><projcsn Sync="TRUE">WGS_1984_UTM_Zone_36N</projcsn></cordsysn><planar><planci><plance Sync="TRUE">coordinate pair</plance><plandu Sync="TRUE">meters</plandu><coordrep><absres Sync="TRUE">0.001023</absres><ordres Sync="TRUE">0.001023</ordres></coordrep></planci></planar><geodetic><horizdn Sync="TRUE">D_WGS_1984</horizdn><ellips Sync="TRUE">WGS_1984</ellips><semiaxis Sync="TRUE">6378137.000000</semiaxis><denflat Sync="TRUE">298.257224</denflat></geodetic></horizsys><vertdef><altsys><altenc Sync="TRUE">Explicit elevation coordinate included with horizontal coordinates</altenc><altres Sync="TRUE">0.000100</altres></altsys></vertdef></spref><refSysInfo><RefSystem><refSysID><identCode Sync="TRUE" code="32636">WGS_1984_UTM_Zone_36N</identCode><idCodeSpace Sync="TRUE">EPSG</idCodeSpace><idVersion Sync="TRUE">7.4.1</idVersion></refSysID></RefSystem></refSysInfo><spatRepInfo><VectSpatRep><topLvl><TopoLevCd Sync="TRUE" value="001"></TopoLevCd></topLvl><geometObjs Name="L_WBBarrier"><geoObjTyp><GeoObjTypCd Sync="TRUE" value="002"></GeoObjTypCd><geoObjCnt Sync="TRUE">0</geoObjCnt></geoObjTyp><geoObjCnt Sync="TRUE">0</geoObjCnt></geometObjs></VectSpatRep></spatRepInfo><eainfo><detailed Name="L_Barrier_June2011"><enttyp><enttypl Sync="TRUE">L_Barrier_June2011</enttypl><enttypt Sync="TRUE">Feature Class</enttypt><enttypc Sync="TRUE">0</enttypc></enttyp><attr><attrlabl Sync="TRUE">OBJECTID</attrlabl><attalias Sync="TRUE">OBJECTID</attalias><attrtype Sync="TRUE">OID</attrtype><attwidth Sync="TRUE">4</attwidth><atprecis Sync="TRUE">0</atprecis><attscale Sync="TRUE">0</attscale><attrdef Sync="TRUE">Internal feature number.</attrdef><attrdefs Sync="TRUE">ESRI</attrdefs><attrdomv><udom Sync="TRUE">Sequential unique whole numbers that are automatically generated.</udom></attrdomv></attr><attr><attrlabl Sync="TRUE">Shape_Length</attrlabl><attalias Sync="TRUE">Shape_Length</attalias><attrtype Sync="TRUE">Double</attrtype><attwidth Sync="TRUE">8</attwidth><atprecis Sync="TRUE">0</atprecis><attscale Sync="TRUE">0</attscale><attrdef Sync="TRUE">Length of feature in internal units.</attrdef><attrdefs Sync="TRUE">ESRI</attrdefs><attrdomv><udom Sync="TRUE">Positive real numbers that are automatically generated.</udom></attrdomv></attr><attr><attrlabl Sync="TRUE">Shape</attrlabl><attalias Sync="TRUE">Shape</attalias><attrtype Sync="TRUE">Geometry</attrtype><attwidth Sync="TRUE">0</attwidth><atprecis Sync="TRUE">0</atprecis><attscale Sync="TRUE">0</attscale><attrdef Sync="TRUE">Feature geometry.</attrdef><attrdefs Sync="TRUE">ESRI</attrdefs><attrdomv><udom Sync="TRUE">Coordinates defining the features.</udom></attrdomv></attr><attr><attrlabl Sync="TRUE">Status</attrlabl><attalias Sync="TRUE">Status</attalias><attrtype Sync="TRUE">String</attrtype><attwidth Sync="TRUE">60</attwidth><atprecis Sync="TRUE">0</atprecis><attscale Sync="TRUE">0</attscale></attr><attr><attrlabl Sync="TRUE">Source</attrlabl><attalias Sync="TRUE">Source</attalias><attrtype Sync="TRUE">String</attrtype><attwidth Sync="TRUE">50</attwidth><atprecis Sync="TRUE">0</atprecis><attscale Sync="TRUE">0</attscale></attr><attr><attrlabl Sync="TRUE">Type</attrlabl><attalias Sync="TRUE">Type</attalias><attrtype Sync="TRUE">String</attrtype><attwidth Sync="TRUE">40</attwidth><atprecis Sync="TRUE">0</atprecis><attscale Sync="TRUE">0</attscale></attr><attr><attrlabl Sync="TRUE">MaySegmentID</attrlabl><attalias Sync="TRUE">MaySegmentID</attalias><attrtype Sync="TRUE">Double</attrtype><attwidth Sync="TRUE">8</attwidth><atprecis Sync="TRUE">0</atprecis><attscale Sync="TRUE">0</attscale></attr><attr><attrlabl Sync="TRUE">DateProjct</attrlabl><attalias Sync="TRUE">DateProjct</attalias><attrtype Sync="TRUE">Integer</attrtype><attwidth Sync="TRUE">4</attwidth><atprecis Sync="TRUE">0</atprecis><attscale Sync="TRUE">0</attscale></attr><attr><attrlabl Sync="TRUE">DateStarted</attrlabl><attalias Sync="TRUE">DateStarted</attalias><attrtype Sync="TRUE">Integer</attrtype><attwidth Sync="TRUE">4</attwidth><atprecis Sync="TRUE">0</atprecis><attscale Sync="TRUE">0</attscale></attr><attr><attrlabl Sync="TRUE">DateFinished</attrlabl><attalias Sync="TRUE">DateFinished</attalias><attrtype Sync="TRUE">Integer</attrtype><attwidth Sync="TRUE">4</attwidth><atprecis Sync="TRUE">0</atprecis><attscale Sync="TRUE">0</attscale></attr><attr><attrlabl Sync="TRUE">IDF_Def</attrlabl><attalias Sync="TRUE">IDF_Def</attalias><attrtype Sync="TRUE">String</attrtype><attwidth Sync="TRUE">100</attwidth><atprecis Sync="TRUE">0</atprecis><attscale Sync="TRUE">0</attscale></attr><attr><attrlabl Sync="TRUE">MilOrder</attrlabl><attalias Sync="TRUE">MilOrder</attalias><attrtype Sync="TRUE">String</attrtype><attwidth Sync="TRUE">50</attwidth><atprecis Sync="TRUE">0</atprecis><attscale Sync="TRUE">0</attscale></attr><attr><attrlabl Sync="TRUE">comments</attrlabl><attalias Sync="TRUE">comments</attalias><attrtype Sync="TRUE">String</attrtype><attwidth Sync="TRUE">50</attwidth><atprecis Sync="TRUE">0</atprecis><attscale Sync="TRUE">0</attscale></attr><attr><attrlabl Sync="TRUE">Sct_Name</attrlabl><attalias Sync="TRUE">Sct_Name</attalias><attrtype Sync="TRUE">String</attrtype><attwidth Sync="TRUE">50</attwidth><atprecis Sync="TRUE">0</atprecis><attscale Sync="TRUE">0</attscale></attr><attr><attrlabl Sync="TRUE">ECF</attrlabl><attalias Sync="TRUE">ECF</attalias><attrtype Sync="TRUE">String</attrtype><attwidth Sync="TRUE">50</attwidth><atprecis Sync="TRUE">0</atprecis><attscale Sync="TRUE">0</attscale></attr><attr><attrlabl Sync="TRUE">FCU_Verification</attrlabl><attalias Sync="TRUE">FCU_Verification</attalias><attrtype Sync="TRUE">SmallInteger</attrtype><attwidth Sync="TRUE">2</attwidth><atprecis Sync="TRUE">0</atprecis><attscale Sync="TRUE">0</attscale></attr><attr><attrlabl Sync="TRUE">IS_COUNTED</attrlabl><attalias Sync="TRUE">IS_COUNTED</attalias><attrtype Sync="TRUE">SmallInteger</attrtype><attwidth Sync="TRUE">2</attwidth><atprecis Sync="TRUE">0</atprecis><attscale Sync="TRUE">0</attscale></attr><attr><attrlabl Sync="TRUE">Changes2009</attrlabl><attalias Sync="TRUE">Changes2009</attalias><attrtype Sync="TRUE">String</attrtype><attwidth Sync="TRUE">100</attwidth><atprecis Sync="TRUE">0</atprecis><attscale Sync="TRUE">0</attscale></attr><attr><attrlabl Sync="TRUE">temp</attrlabl><attalias Sync="TRUE">temp</attalias><attrtype Sync="TRUE">SmallInteger</attrtype><attwidth Sync="TRUE">2</attwidth><atprecis Sync="TRUE">0</atprecis><attscale Sync="TRUE">0</attscale></attr><attr><attrlabl Sync="TRUE">To_Verify</attrlabl><attalias Sync="TRUE">To_Verify</attalias><attrtype Sync="TRUE">String</attrtype><attwidth Sync="TRUE">100</attwidth><atprecis Sync="TRUE">0</atprecis><attscale Sync="TRUE">0</attscale></attr><attr><attrlabl Sync="TRUE">Update2009</attrlabl><attalias Sync="TRUE">Update2009</attalias><attrtype Sync="TRUE">String</attrtype><attwidth Sync="TRUE">30</attwidth><atprecis Sync="TRUE">0</atprecis><attscale Sync="TRUE">0</attscale></attr><attr><attrlabl Sync="TRUE">feedback_from_the_field</attrlabl><attalias Sync="TRUE">feedback_from_the_field</attalias><attrtype Sync="TRUE">String</attrtype><attwidth Sync="TRUE">100</attwidth><atprecis Sync="TRUE">0</atprecis><attscale Sync="TRUE">0</attscale></attr><attr><attrlabl Sync="TRUE">update2011</attrlabl><attalias Sync="TRUE">update2011</attalias><attrtype Sync="TRUE">String</attrtype><attwidth Sync="TRUE">100</attwidth><atprecis Sync="TRUE">0</atprecis><attscale Sync="TRUE">0</attscale></attr><attr><attrlabl Sync="TRUE">Governorate</attrlabl><attalias Sync="TRUE">Governorate</attalias><attrtype Sync="TRUE">Integer</attrtype><attwidth Sync="TRUE">4</attwidth><atprecis Sync="TRUE">0</atprecis><attscale Sync="TRUE">0</attscale></attr></detailed></eainfo><mdDateSt Sync="TRUE">20110623</mdDateSt><dataqual><lineage><procstep><procdesc Sync="TRUE">Dataset copied.</procdesc><srcused Sync="TRUE">\\192.168.1.3\gis$\filing\GIS\GIS_Data\WestBankClosures.mdb</srcused><date Sync="TRUE">20060919</date><time Sync="TRUE">09182800</time></procstep><procstep><procdesc Sync="TRUE">Dataset copied.</procdesc><srcused Sync="TRUE">\\IMU11\C$\OCHA-oPt\GIS\WestBankClosures.mdb</srcused><date Sync="TRUE">20070430</date><time Sync="TRUE">18541700</time></procstep><procstep><procdesc Sync="TRUE">Dataset copied.</procdesc><srcused Sync="TRUE">\\IMU11\C$\OCHA-oPt\GIS\WestBankClosures.mdb</srcused><date Sync="TRUE">20070502</date><time Sync="TRUE">02333800</time></procstep><procstep><procdesc Sync="TRUE">Dataset copied.</procdesc><srcused Sync="TRUE">\\192.168.1.3\Gis$\filing\GIS\GIS_Data\WestBankClosures.mdb</srcused><date Sync="TRUE">20070813</date><time Sync="TRUE">11152200</time></procstep><procstep><procdesc Sync="TRUE">Dataset copied.</procdesc><srcused Sync="TRUE">\\192.168.1.3\Gis$\filing\GIS\GIS_Data\WestBankClosures.mdb</srcused><date Sync="TRUE">20080605</date><time Sync="TRUE">12193400</time></procstep><procstep><procdesc Sync="TRUE">Dataset copied.</procdesc><srcused Sync="TRUE">\\192.168.1.3\Gis$\filing\GIS\GIS_Data\WestBankClosures.mdb</srcused><date Sync="TRUE">20080605</date><time Sync="TRUE">12240600</time></procstep><procstep><procdesc Sync="TRUE">Dataset copied.</procdesc><srcused Sync="TRUE">\\192.168.1.3\Gis$\filing\GIS\GIS_Data\WestBankClosures.mdb</srcused><date Sync="TRUE">20080725</date><time Sync="TRUE">11065900</time></procstep><procstep><procdesc Sync="TRUE">Dataset copied.</procdesc><srcused Sync="TRUE">\\OCHA-6910-11\C$\temp\barrier\WestBankClosures.mdb</srcused><date Sync="TRUE">20080907</date><time Sync="TRUE">05202300</time></procstep><procstep><procdesc Sync="TRUE">Dataset copied.</procdesc><srcused Sync="TRUE">\\192.168.1.3\Gis$\filing\GIS\GIS_Data\WestBankClosures.mdb</srcused><procdate Sync="TRUE">20090626</procdate><proctime Sync="TRUE">15554800</proctime></procstep><procstep><procdesc Sync="TRUE">Dataset copied.</procdesc><srcused Sync="TRUE">\\IMU05\G\Barrier_ECF_June2009\Barrier_for_OCHA.mdb</srcused><procdate Sync="TRUE">20090702</procdate><proctime Sync="TRUE">11273000</proctime></procstep><procstep><procdesc Sync="TRUE">Dataset copied.</procdesc><srcused Sync="TRUE">\\192.168.1.3\Gis$\filing\GIS\projects\BarrierComparison_June2009\Barrier_for_OCHA.mdb</srcused><procdate Sync="TRUE">20090708</procdate><proctime Sync="TRUE">12272900</proctime></procstep><procstep><procdesc Sync="TRUE">Dataset copied.</procdesc><srcused Sync="TRUE">\\192.168.200.43\Gis$\filing\GIS\GIS_Data\WestBankClosures.mdb</srcused><procdate Sync="TRUE">20100612</procdate><proctime Sync="TRUE">15141100</proctime></procstep></lineage></dataqual></metadata>
